ticker,terminal_coe_shift,terminal_roe_shift,fair_pb
DANSKE.CO,-0.02,-0.03,3.347832496880609
DANSKE.CO,-0.01,-0.03,2.379086439028242
DANSKE.CO,0.0,-0.03,1.9202067274139625
DANSKE.CO,0.01,-0.03,1.6525268956389663
DANSKE.CO,0.02,-0.03,1.4771504541312102
DANSKE.CO,-0.02,-0.02,3.840412256443801
DANSKE.CO,-0.01,-0.02,2.6957448558902932
DANSKE.CO,0.0,-0.02,2.153533981943895
DANSKE.CO,0.01,-0.02,1.8372443054751633
DANSKE.CO,0.02,-0.02,1.630020034685304
DANSKE.CO,-0.02,-0.01,4.332992016006992
DANSKE.CO,-0.01,-0.01,3.012403272752346
DANSKE.CO,0.0,-0.01,2.3868612364738286
DANSKE.CO,0.01,-0.01,2.0219617153113605
DANSKE.CO,0.02,-0.01,1.7828896152393983
DANSKE.CO,-0.02,0.0,4.825571775570185
DANSKE.CO,-0.01,0.0,3.3290616896143974
DANSKE.CO,0.0,0.0,2.620188491003762
DANSKE.CO,0.01,0.0,2.2066791251475575
DANSKE.CO,0.02,0.0,1.935759195793492
DANSKE.CO,-0.02,0.01,5.318151535133376
DANSKE.CO,-0.01,0.01,3.6457201064764497
DANSKE.CO,0.0,0.01,2.8535157455336946
DANSKE.CO,0.01,0.01,2.391396534983754
DANSKE.CO,0.02,0.01,2.088628776347586
DANSKE.CO,-0.02,0.02,5.810731294696567
DANSKE.CO,-0.01,0.02,3.962378523338501
DANSKE.CO,0.0,0.02,3.086843000063627
DANSKE.CO,0.01,0.02,2.576113944819951
DANSKE.CO,0.02,0.02,2.2414983569016798
DANSKE.CO,-0.02,0.03,6.303311054259761
DANSKE.CO,-0.01,0.03,4.2790369402005535
DANSKE.CO,0.0,0.03,3.3201702545935596
DANSKE.CO,0.01,0.03,2.760831354656148
DANSKE.CO,0.02,0.03,2.394367937455774
SEB-A.ST,-0.02,-0.03,3.3751436796355896
SEB-A.ST,-0.01,-0.03,2.455757753560786
SEB-A.ST,0.0,-0.03,2.007851789575625
SEB-A.ST,0.01,-0.03,1.742764586400734
SEB-A.ST,0.02,-0.03,1.5675374520986871
SEB-A.ST,-0.02,-0.02,3.8270452365198158
SEB-A.ST,-0.01,-0.02,2.751831187381485
SEB-A.ST,0.0,-0.02,2.228008958314094
SEB-A.ST,0.01,-0.02,1.9179917207027808
SEB-A.ST,0.02,-0.02,1.7130650721122513
SEB-A.ST,-0.02,-0.01,4.2789467934040415
SEB-A.ST,-0.01,-0.01,3.047904621202185
SEB-A.ST,0.0,-0.01,2.4481661270525628
SEB-A.ST,0.01,-0.01,2.0932188550048276
SEB-A.ST,0.02,-0.01,1.8585926921258156
SEB-A.ST,-0.02,0.0,4.730848350288268
SEB-A.ST,-0.01,0.0,3.3439780550228844
SEB-A.ST,0.0,0.0,2.6683232957910317
SEB-A.ST,0.01,0.0,2.268445989306874
SEB-A.ST,0.02,0.0,2.0041203121393796
SEB-A.ST,-0.02,0.01,5.182749907172494
SEB-A.ST,-0.01,0.01,3.640051488843585
SEB-A.ST,0.0,0.01,2.888480464529501
SEB-A.ST,0.01,0.01,2.443673123608921
SEB-A.ST,0.02,0.01,2.149647932152944
SEB-A.ST,-0.02,0.02,5.634651464056717
SEB-A.ST,-0.01,0.02,3.9361249226642836
SEB-A.ST,0.0,0.02,3.1086376332679695
SEB-A.ST,0.01,0.02,2.6189002579109673
SEB-A.ST,0.02,0.02,2.295175552166508
SEB-A.ST,-0.02,0.03,6.086553020940944
SEB-A.ST,-0.01,0.03,4.232198356484983
SEB-A.ST,0.0,0.03,3.328794802006438
SEB-A.ST,0.01,0.03,2.7941273922130145
SEB-A.ST,0.02,0.03,2.440703172180072
DNB.OL,-0.02,-0.03,2.692675558594567
DNB.OL,-0.01,-0.03,2.176694330665212
DNB.OL,0.0,-0.03,1.8757052810397556
DNB.OL,0.01,-0.03,1.678505558871353
DNB.OL,0.02,-0.03,1.5393057549877744
DNB.OL,-0.02,-0.02,2.9810180094962653
DNB.OL,-0.01,-0.02,2.389157189224358
DNB.OL,0.0,-0.02,2.0439050440657462
DNB.OL,0.01,-0.02,1.8177053627549313
DNB.OL,0.02,-0.02,1.6580349994767087
DNB.OL,-0.02,-0.01,3.2693604603979636
DNB.OL,-0.01,-0.01,2.6016200477835043
DNB.OL,0.0,-0.01,2.2121048070917366
DNB.OL,0.01,-0.01,1.9569051666385098
DNB.OL,0.02,-0.01,1.7767642439656435
DNB.OL,-0.02,0.0,3.5577029112996614
DNB.OL,-0.01,0.0,2.8140829063426502
DNB.OL,0.0,0.0,2.380304570117727
DNB.OL,0.01,0.0,2.096104970522088
DNB.OL,0.02,0.0,1.895493488454578
DNB.OL,-0.02,0.01,3.8460453622013597
DNB.OL,-0.01,0.01,3.026545764901796
DNB.OL,0.0,0.01,2.548504333143718
DNB.OL,0.01,0.01,2.235304774405667
DNB.OL,0.02,0.01,2.0142227329435123
DNB.OL,-0.02,0.02,4.134387813103058
DNB.OL,-0.01,0.02,3.239008623460941
DNB.OL,0.0,0.02,2.716704096169708
DNB.OL,0.01,0.02,2.374504578289245
DNB.OL,0.02,0.02,2.132951977432447
DNB.OL,-0.02,0.03,4.422730264004755
DNB.OL,-0.01,0.03,3.451471482020088
DNB.OL,0.0,0.03,2.884903859195699
DNB.OL,0.01,0.03,2.5137043821728233
DNB.OL,0.02,0.03,2.2516812219213818
BAY.BK,-0.02,-0.03,0.41161383416321456
BAY.BK,-0.01,-0.03,0.3750226889754785
BAY.BK,0.0,-0.03,0.3487389086293583
BAY.BK,0.01,-0.03,0.328944950590922
BAY.BK,0.02,-0.03,0.3135013130004938
BAY.BK,-0.02,-0.02,0.5303783258335294
BAY.BK,-0.01,-0.02,0.47431759184738104
BAY.BK,0.0,-0.02,0.434048613913669
BAY.BK,0.01,-0.02,0.4037225934944536
BAY.BK,0.02,-0.02,0.3800616325080328
BAY.BK,-0.02,-0.01,0.6491428175038444
BAY.BK,-0.01,-0.01,0.5736124947192838
BAY.BK,0.0,-0.01,0.5193583191979797
BAY.BK,0.01,-0.01,0.4785002363979852
BAY.BK,0.02,-0.01,0.446621952015572
BAY.BK,-0.02,0.0,0.7679073091741592
BAY.BK,-0.01,0.0,0.6729073975911862
BAY.BK,0.0,0.0,0.6046680244822903
BAY.BK,0.01,0.0,0.5532778793015167
BAY.BK,0.02,0.0,0.513182271523111
BAY.BK,-0.02,0.01,0.8866718008444741
BAY.BK,-0.01,0.01,0.7722023004630888
BAY.BK,0.0,0.01,0.6899777297666009
BAY.BK,0.01,0.01,0.6280555222050483
BAY.BK,0.02,0.01,0.5797425910306502
BAY.BK,-0.02,0.02,1.005436292514789
BAY.BK,-0.01,0.02,0.8714972033349915
BAY.BK,0.0,0.02,0.7752874350509117
BAY.BK,0.01,0.02,0.70283316510858
BAY.BK,0.02,0.02,0.6463029105381892
BAY.BK,-0.02,0.03,1.1242007841851036
BAY.BK,-0.01,0.03,0.9707921062068939
BAY.BK,0.0,0.03,0.8605971403352224
BAY.BK,0.01,0.03,0.7776108080121116
BAY.BK,0.02,0.03,0.7128632300457284
BBL.BK,-0.02,-0.03,0.37890617317689007
BBL.BK,-0.01,-0.03,0.356150084692356
BBL.BK,0.0,-0.03,0.3389783124003455
BBL.BK,0.01,-0.03,0.32555993295904767
BBL.BK,0.02,-0.03,0.31478556917120754
BBL.BK,-0.02,-0.02,0.46363565954069735
BBL.BK,-0.01,-0.02,0.4290292932430433
BBL.BK,0.0,-0.02,0.40291528677303445
BBL.BK,0.01,-0.02,0.3825092598593116
BBL.BK,0.02,-0.02,0.36612412494829283
BBL.BK,-0.02,-0.01,0.5483651459045047
BBL.BK,-0.01,-0.01,0.5019085017937307
BBL.BK,0.0,-0.01,0.4668522611457234
BBL.BK,0.01,-0.01,0.4394585867595756
BBL.BK,0.02,-0.01,0.4174626807253781
BBL.BK,-0.02,0.0,0.6330946322683121
BBL.BK,-0.01,0.0,0.5747877103444182
BBL.BK,0.0,0.0,0.5307892355184124
BBL.BK,0.01,0.0,0.49640791365983955
BBL.BK,0.02,0.0,0.46880123650246325
BBL.BK,-0.02,0.01,0.7178241186321194
BBL.BK,-0.01,0.01,0.6476669188951055
BBL.BK,0.0,0.01,0.5947262098911013
BBL.BK,0.01,0.01,0.5533572405601035
BBL.BK,0.02,0.01,0.5201397922795485
BBL.BK,-0.02,0.02,0.8025536049959268
BBL.BK,-0.01,0.02,0.720546127445793
BBL.BK,0.0,0.02,0.6586631842637903
BBL.BK,0.01,0.02,0.6103065674603674
BBL.BK,0.02,0.02,0.5714783480566338
BBL.BK,-0.02,0.03,0.887283091359734
BBL.BK,-0.01,0.03,0.7934253359964804
BBL.BK,0.0,0.03,0.7226001586364792
BBL.BK,0.01,0.03,0.6672558943606313
BBL.BK,0.02,0.03,0.622816903833719
SCB.BK,-0.02,-0.03,0.6092154909967613
SCB.BK,-0.01,-0.03,0.5819500073357153
SCB.BK,0.0,-0.03,0.5613754399105089
SCB.BK,0.01,-0.03,0.5452980456929979
SCB.BK,0.02,-0.03,0.5323886109272131
SCB.BK,-0.02,-0.02,0.6775344705574684
SCB.BK,-0.01,-0.02,0.6407138848599601
SCB.BK,0.0,-0.02,0.6129290257139873
SCB.BK,0.01,-0.02,0.591217359823965
SCB.BK,0.02,-0.02,0.5737838547004496
SCB.BK,-0.02,-0.01,0.7458534501181758
SCB.BK,-0.01,-0.01,0.6994777623842048
SCB.BK,0.0,-0.01,0.6644826115174659
SCB.BK,0.01,-0.01,0.6371366739549323
SCB.BK,0.02,-0.01,0.615179098473686
SCB.BK,-0.02,0.0,0.8141724296788831
SCB.BK,-0.01,0.0,0.7582416399084495
SCB.BK,0.0,0.0,0.7160361973209444
SCB.BK,0.01,0.0,0.6830559880858994
SCB.BK,0.02,0.0,0.6565743422469225
SCB.BK,-0.02,0.01,0.8824914092395905
SCB.BK,-0.01,0.01,0.8170055174326942
SCB.BK,0.0,0.01,0.7675897831244228
SCB.BK,0.01,0.01,0.7289753022168666
SCB.BK,0.02,0.01,0.6979695860201589
SCB.BK,-0.02,0.02,0.9508103888002978
SCB.BK,-0.01,0.02,0.8757693949569391
SCB.BK,0.0,0.02,0.8191433689279015
SCB.BK,0.01,0.02,0.7748946163478339
SCB.BK,0.02,0.02,0.7393648297933954
SCB.BK,-0.02,0.03,1.0191293683610052
SCB.BK,-0.01,0.03,0.9345332724811838
SCB.BK,0.0,0.03,0.87069695473138
SCB.BK,0.01,0.03,0.820813930478801
SCB.BK,0.02,0.03,0.7807600735666319
KTB.BK,-0.02,-0.03,0.7167706968831804
KTB.BK,-0.01,-0.03,0.6623914007015165
KTB.BK,0.0,-0.03,0.6219555137972024
KTB.BK,0.01,-0.03,0.5907096011893233
KTB.BK,0.02,-0.03,0.565840405440195
KTB.BK,-0.02,-0.02,0.8159497586885966
KTB.BK,-0.01,-0.02,0.7469853063590775
KTB.BK,0.0,-0.02,0.6957040469345632
KTB.BK,0.01,-0.02,0.6560776191974386
KTB.BK,0.02,-0.02,0.6245382175291149
KTB.BK,-0.02,-0.01,0.9151288204940131
KTB.BK,-0.01,-0.01,0.8315792120166385
KTB.BK,0.0,-0.01,0.7694525800719241
KTB.BK,0.01,-0.01,0.7214456372055538
KTB.BK,0.02,-0.01,0.6832360296180348
KTB.BK,-0.02,0.0,1.0143078822994294
KTB.BK,-0.01,0.0,0.9161731176741994
KTB.BK,0.0,0.0,0.8432011132092849
KTB.BK,0.01,0.0,0.7868136552136691
KTB.BK,0.02,0.0,0.7419338417069546
KTB.BK,-0.02,0.01,1.1134869441048456
KTB.BK,-0.01,0.01,1.0007670233317603
KTB.BK,0.0,0.01,0.9169496463466457
KTB.BK,0.01,0.01,0.8521816732217844
KTB.BK,0.02,0.01,0.8006316537958744
KTB.BK,-0.02,0.02,1.212666005910262
KTB.BK,-0.01,0.02,1.0853609289893213
KTB.BK,0.0,0.02,0.9906981794840067
KTB.BK,0.01,0.02,0.9175496912298997
KTB.BK,0.02,0.02,0.8593294658847943
KTB.BK,-0.02,0.03,1.3118450677156785
KTB.BK,-0.01,0.03,1.1699548346468824
KTB.BK,0.0,0.03,1.0644467126213675
KTB.BK,0.01,0.03,0.982917709238015
KTB.BK,0.02,0.03,0.9180272779737142
JDO.AX,-0.02,-0.03,0.19911509023136356
JDO.AX,-0.01,-0.03,0.18641979769315584
JDO.AX,0.0,-0.03,0.17691828944128976
JDO.AX,0.01,-0.03,0.16954002325687983
JDO.AX,0.02,-0.03,0.16364482565225072
JDO.AX,-0.02,-0.02,0.2919911777477249
JDO.AX,-0.01,-0.02,0.26593241937982487
JDO.AX,0.0,-0.02,0.24642932349441551
JDO.AX,0.01,-0.02,0.23128446132641609
JDO.AX,0.02,-0.02,0.21918379255901957
JDO.AX,-0.02,-0.01,0.3848672652640864
JDO.AX,-0.01,-0.01,0.3454450410664941
JDO.AX,0.0,-0.01,0.3159403575475414
JDO.AX,0.01,-0.01,0.29302889939595256
JDO.AX,0.02,-0.01,0.2747227594657884
JDO.AX,-0.02,0.0,0.47774335278044766
JDO.AX,-0.01,0.0,0.4249576627531631
JDO.AX,0.0,0.0,0.3854513916006672
JDO.AX,0.01,0.0,0.3547733374654888
JDO.AX,0.02,0.0,0.33026172637255724
JDO.AX,-0.02,0.01,0.5706194402968089
JDO.AX,-0.01,0.01,0.5044702844398321
JDO.AX,0.0,0.01,0.4549624256537929
JDO.AX,0.01,0.01,0.416517775535025
JDO.AX,0.02,0.01,0.38580069327932603
JDO.AX,-0.02,0.02,0.6634955278131704
JDO.AX,-0.01,0.02,0.5839829061265013
JDO.AX,0.0,0.02,0.5244734597069188
JDO.AX,0.01,0.02,0.47826221360456145
JDO.AX,0.02,0.02,0.44133966018609505
JDO.AX,-0.02,0.03,0.7563716153295318
JDO.AX,-0.01,0.03,0.6634955278131702
JDO.AX,0.0,0.03,0.5939844937600446
JDO.AX,0.01,0.03,0.5400066516740977
JDO.AX,0.02,0.03,0.4968786270928638
BOQ.AX,-0.02,-0.03,0.2744256180776066
BOQ.AX,-0.01,-0.03,0.27281601161000957
BOQ.AX,0.0,-0.03,0.2716582245017378
BOQ.AX,0.01,-0.03,0.27078543114319464
BOQ.AX,0.02,-0.03,0.2701039349591266
BOQ.AX,-0.02,-0.02,0.353296334989868
BOQ.AX,-0.01,-0.02,0.3388098767814935
BOQ.AX,0.0,-0.02,0.32838979280704866
BOQ.AX,0.01,-0.02,0.32053465258015945
BOQ.AX,0.02,-0.02,0.31440118692354735
BOQ.AX,-0.02,-0.01,0.4321670519021294
BOQ.AX,-0.01,-0.01,0.40480374195297747
BOQ.AX,0.0,-0.01,0.3851213611123595
BOQ.AX,0.01,-0.01,0.37028387401712437
BOQ.AX,0.02,-0.01,0.3586984388879681
BOQ.AX,-0.02,0.0,0.5110377688143909
BOQ.AX,-0.01,0.0,0.4707976071244615
BOQ.AX,0.0,0.0,0.4418529294176703
BOQ.AX,0.01,0.0,0.42003309545408923
BOQ.AX,0.02,0.0,0.4029956908523889
BOQ.AX,-0.02,0.01,0.5899084857266522
BOQ.AX,-0.01,0.01,0.5367914722959455
BOQ.AX,0.0,0.01,0.49858449772298113
BOQ.AX,0.01,0.01,0.46978231689105415
BOQ.AX,0.02,0.01,0.44729294281680965
BOQ.AX,-0.02,0.02,0.6687792026389137
BOQ.AX,-0.01,0.02,0.6027853374674296
BOQ.AX,0.0,0.02,0.555316066028292
BOQ.AX,0.01,0.02,0.5195315383280189
BOQ.AX,0.02,0.02,0.4915901947812305
BOQ.AX,-0.02,0.03,0.747649919551175
BOQ.AX,-0.01,0.03,0.6687792026389136
BOQ.AX,0.0,0.03,0.6120476343336028
BOQ.AX,0.01,0.03,0.5692807597649838
BOQ.AX,0.02,0.03,0.5358874467456513
KBANK.BK,-0.02,-0.03,0.4590398465798348
KBANK.BK,-0.01,-0.03,0.433701087581924
KBANK.BK,0.0,-0.03,0.4143243895246981
KBANK.BK,0.01,-0.03,0.39902699632162497
KBANK.BK,0.02,-0.03,0.3866433923000897
KBANK.BK,-0.02,-0.02,0.5351748942479294
KBANK.BK,-0.01,-0.02,0.4996847955609392
KBANK.BK,0.0,-0.02,0.47254530832971153
KBANK.BK,0.01,-0.02,0.4511193973576897
KBANK.BK,0.02,-0.02,0.43377461228510056
KBANK.BK,-0.02,-0.01,0.6113099419160238
KBANK.BK,-0.01,-0.01,0.5656685035399545
KBANK.BK,0.0,-0.01,0.530766227134725
KBANK.BK,0.01,-0.01,0.5032117983937544
KBANK.BK,0.02,-0.01,0.4809058322701115
KBANK.BK,-0.02,0.0,0.6874449895841184
KBANK.BK,-0.01,0.0,0.6316522115189697
KBANK.BK,0.0,0.0,0.5889871459397384
KBANK.BK,0.01,0.0,0.555304199429819
KBANK.BK,0.02,0.0,0.5280370522551224
KBANK.BK,-0.02,0.01,0.7635800372522128
KBANK.BK,-0.01,0.01,0.697635919497985
KBANK.BK,0.0,0.01,0.6472080647447519
KBANK.BK,0.01,0.01,0.6073966004658836
KBANK.BK,0.02,0.01,0.5751682722401333
KBANK.BK,-0.02,0.02,0.8397150849203074
KBANK.BK,-0.01,0.02,0.7636196274770002
KBANK.BK,0.0,0.02,0.7054289835497654
KBANK.BK,0.01,0.02,0.6594890015019484
KBANK.BK,0.02,0.02,0.6222994922251442
KBANK.BK,-0.02,0.03,0.9158501325884018
KBANK.BK,-0.01,0.03,0.8296033354560155
KBANK.BK,0.0,0.03,0.7636499023547788
KBANK.BK,0.01,0.03,0.7115814025380129
KBANK.BK,0.02,0.03,0.6694307122101552
TISCO.BK,-0.02,-0.03,1.423262635321044
TISCO.BK,-0.01,-0.03,1.332673771843205
TISCO.BK,0.0,-0.03,1.2653128220776324
TISCO.BK,0.01,-0.03,1.2132611790769625
TISCO.BK,0.02,-0.03,1.171832320362144
TISCO.BK,-0.02,-0.02,1.4990953455398375
TISCO.BK,-0.01,-0.02,1.3973546129121759
TISCO.BK,0.0,-0.02,1.3217012476249406
TISCO.BK,0.01,-0.02,1.2632418289938947
TISCO.BK,0.02,-0.02,1.216712903961022
TISCO.BK,-0.02,-0.01,1.574928055758631
TISCO.BK,-0.01,-0.01,1.4620354539811466
TISCO.BK,0.0,-0.01,1.3780896731722485
TISCO.BK,0.01,-0.01,1.3132224789108269
TISCO.BK,0.02,-0.01,1.2615934875598998
TISCO.BK,-0.02,0.0,1.6507607659774248
TISCO.BK,-0.01,0.0,1.526716295050118
TISCO.BK,0.0,0.0,1.4344780987195567
TISCO.BK,0.01,0.0,1.3632031288277593
TISCO.BK,0.02,0.0,1.3064740711587777
TISCO.BK,-0.02,0.01,1.7265934761962185
TISCO.BK,-0.01,0.01,1.591397136119089
TISCO.BK,0.0,0.01,1.4908665242668646
TISCO.BK,0.01,0.01,1.4131837787446915
TISCO.BK,0.02,0.01,1.3513546547576556
TISCO.BK,-0.02,0.02,1.802426186415012
TISCO.BK,-0.01,0.02,1.6560779771880598
TISCO.BK,0.0,0.02,1.5472549498141728
TISCO.BK,0.01,0.02,1.4631644286616234
TISCO.BK,0.02,0.02,1.3962352383565333
TISCO.BK,-0.02,0.03,1.8782588966338056
TISCO.BK,-0.01,0.03,1.7207588182570308
TISCO.BK,0.0,0.03,1.603643375361481
TISCO.BK,0.01,0.03,1.5131450785785556
TISCO.BK,0.02,0.03,1.4411158219554112
NAB.AX,-0.02,-0.03,1.0610257136602672
NAB.AX,-0.01,-0.03,0.9678307041039554
NAB.AX,0.0,-0.03,0.9029839864278909
NAB.AX,0.01,-0.03,0.8552585143428663
NAB.AX,0.02,-0.03,0.818664347700413
NAB.AX,-0.02,-0.02,1.1774698693509904
NAB.AX,-0.01,-0.02,1.0633880157245938
NAB.AX,0.0,-0.02,0.984007866623337
NAB.AX,0.01,-0.02,0.9255861727303327
NAB.AX,0.02,-0.02,0.8807905298910903
NAB.AX,-0.02,-0.01,1.2939140250417136
NAB.AX,-0.01,-0.01,1.1589453273452321
NAB.AX,0.0,-0.01,1.0650317468187833
NAB.AX,0.01,-0.01,0.9959138311177992
NAB.AX,0.02,-0.01,0.9429167120817679
NAB.AX,-0.02,0.0,1.4103581807324368
NAB.AX,-0.01,0.0,1.2545026389658704
NAB.AX,0.0,0.0,1.1460556270142293
NAB.AX,0.01,0.0,1.0662414895052656
NAB.AX,0.02,0.0,1.005042894272445
NAB.AX,-0.02,0.01,1.52680233642316
NAB.AX,-0.01,0.01,1.3500599505865085
NAB.AX,0.0,0.01,1.2270795072096754
NAB.AX,0.01,0.01,1.136569147892732
NAB.AX,0.02,0.01,1.0671690764631223
NAB.AX,-0.02,0.02,1.643246492113883
NAB.AX,-0.01,0.02,1.4456172622071468
NAB.AX,0.0,0.02,1.3081033874051216
NAB.AX,0.01,0.02,1.2068968062801986
NAB.AX,0.02,0.02,1.1292952586537999
NAB.AX,-0.02,0.03,1.7596906478046064
NAB.AX,-0.01,0.03,1.541174573827785
NAB.AX,0.0,0.03,1.3891272676005677
NAB.AX,0.01,0.03,1.2772244646676651
NAB.AX,0.02,0.03,1.1914214408444772
TTB.BK,-0.02,-0.03,0.5218289124252973
TTB.BK,-0.01,-0.03,0.4951015909452106
TTB.BK,0.0,-0.03,0.47493312136207777
TTB.BK,0.01,-0.03,0.45917306043099587
TTB.BK,0.02,-0.03,0.4465184302252503
TTB.BK,-0.02,-0.02,0.5981987915695323
TTB.BK,-0.01,-0.02,0.5607903681112308
TTB.BK,0.0,-0.02,0.5325619258696906
TTB.BK,0.01,-0.02,0.5105036349377767
TTB.BK,0.02,-0.02,0.492791805273235
TTB.BK,-0.02,-0.01,0.6745686707137672
TTB.BK,-0.01,-0.01,0.6264791452772512
TTB.BK,0.0,-0.01,0.5901907303773036
TTB.BK,0.01,-0.01,0.5618342094445576
TTB.BK,0.02,-0.01,0.5390651803212199
TTB.BK,-0.02,0.0,0.7509385498580023
TTB.BK,-0.01,0.0,0.6921679224432716
TTB.BK,0.0,0.0,0.6478195348849165
TTB.BK,0.01,0.0,0.6131647839513386
TTB.BK,0.02,0.0,0.5853385553692045
TTB.BK,-0.02,0.01,0.8273084290022373
TTB.BK,-0.01,0.01,0.7578566996092918
TTB.BK,0.0,0.01,0.7054483393925295
TTB.BK,0.01,0.01,0.6644953584581195
TTB.BK,0.02,0.01,0.6316119304171893
TTB.BK,-0.02,0.02,0.9036783081464723
TTB.BK,-0.01,0.02,0.8235454767753122
TTB.BK,0.0,0.02,0.7630771439001425
TTB.BK,0.01,0.02,0.7158259329649003
TTB.BK,0.02,0.02,0.677885305465174
TTB.BK,-0.02,0.03,0.9800481872907074
TTB.BK,-0.01,0.03,0.8892342539413326
TTB.BK,0.0,0.03,0.8207059484077553
TTB.BK,0.01,0.03,0.7671565074716812
TTB.BK,0.02,0.03,0.7241586805131589
ANZ.AX,-0.02,-0.03,0.7135484161801237
ANZ.AX,-0.01,-0.03,0.6669184261049234
ANZ.AX,0.0,-0.03,0.6339030316721174
ANZ.AX,0.01,-0.03,0.6092992026998989
ANZ.AX,0.02,-0.03,0.5902555610660349
ANZ.AX,-0.02,-0.02,0.809014728890952
ANZ.AX,-0.01,-0.02,0.746065711001935
ANZ.AX,0.0,-0.02,0.7014959684089813
ANZ.AX,0.01,-0.02,0.6682815742473533
ANZ.AX,0.02,-0.02,0.6425732578623646
ANZ.AX,-0.02,-0.01,0.9044810416017806
ANZ.AX,-0.01,-0.01,0.8252129958989466
ANZ.AX,0.0,-0.01,0.7690889051458453
ANZ.AX,0.01,-0.01,0.727263945794808
ANZ.AX,0.02,-0.01,0.6948909546586943
ANZ.AX,-0.02,0.0,0.999947354312609
ANZ.AX,-0.01,0.0,0.9043602807959583
ANZ.AX,0.0,0.0,0.8366818418827092
ANZ.AX,0.01,0.0,0.7862463173422625
ANZ.AX,0.02,0.0,0.747208651455024
ANZ.AX,-0.02,0.01,1.0954136670234373
ANZ.AX,-0.01,0.01,0.9835075656929698
ANZ.AX,0.0,0.01,0.9042747786195731
ANZ.AX,0.01,0.01,0.845228688889717
ANZ.AX,0.02,0.01,0.7995263482513537
ANZ.AX,-0.02,0.02,1.190879979734266
ANZ.AX,-0.01,0.02,1.0626548505899815
ANZ.AX,0.0,0.02,0.9718677153564371
ANZ.AX,0.01,0.02,0.9042110604371716
ANZ.AX,0.02,0.02,0.8518440450476835
ANZ.AX,-0.02,0.03,1.2863462924450944
ANZ.AX,-0.01,0.03,1.141802135486993
ANZ.AX,0.0,0.03,1.039460652093301
ANZ.AX,0.01,0.03,0.963193431984626
ANZ.AX,0.02,0.03,0.9041617418440132
WBC.AX,-0.02,-0.03,0.8095417818836391
WBC.AX,-0.01,-0.03,0.7507598361417344
WBC.AX,0.0,-0.03,0.7098583301692303
WBC.AX,0.01,-0.03,0.6797559016812158
WBC.AX,0.02,-0.03,0.6566744477676651
WBC.AX,-0.02,-0.02,0.9166048507559053
WBC.AX,-0.01,-0.02,0.8386187670996925
WBC.AX,0.0,-0.02,0.7843546860765485
WBC.AX,0.01,-0.02,0.7444177551585249
WBC.AX,0.02,-0.02,0.713795560314676
WBC.AX,-0.02,-0.01,1.0236679196281715
WBC.AX,-0.01,-0.01,0.9264776980576509
WBC.AX,0.0,-0.01,0.8588510419838667
WBC.AX,0.01,-0.01,0.8090796086358343
WBC.AX,0.02,-0.01,0.7709166728616867
WBC.AX,-0.02,0.0,1.1307309885004375
WBC.AX,-0.01,0.0,1.014336629015609
WBC.AX,0.0,0.0,0.9333473978911849
WBC.AX,0.01,0.0,0.8737414621131435
WBC.AX,0.02,0.0,0.8280377854086975
WBC.AX,-0.02,0.01,1.2377940573727035
WBC.AX,-0.01,0.01,1.1021955599735676
WBC.AX,0.0,0.01,1.0078437537985032
WBC.AX,0.01,0.01,0.9384033155904526
WBC.AX,0.02,0.01,0.8851588979557082
WBC.AX,-0.02,0.02,1.3448571262449698
WBC.AX,-0.01,0.02,1.1900544909315256
WBC.AX,0.0,0.02,1.0823401097058214
WBC.AX,0.01,0.02,1.0030651690677619
WBC.AX,0.02,0.02,0.942280010502719
WBC.AX,-0.02,0.03,1.4519201951172358
WBC.AX,-0.01,0.03,1.2779134218894839
WBC.AX,0.0,0.03,1.1568364656131396
WBC.AX,0.01,0.03,1.067727022545071
WBC.AX,0.02,0.03,0.9994011230497298
KKP.BK,-0.02,-0.03,0.5375082462763896
KKP.BK,-0.01,-0.03,0.5115678102852158
KKP.BK,0.0,-0.03,0.49126659950951446
KKP.BK,0.01,-0.03,0.47494601829767624
KKP.BK,0.02,-0.03,0.46153982658795195
KKP.BK,-0.02,-0.02,0.6011105591359833
KKP.BK,-0.01,-0.02,0.5674137435277858
KKP.BK,0.0,-0.02,0.5410423226170227
KKP.BK,0.01,-0.02,0.5198417685515071
KKP.BK,0.02,-0.02,0.5024270277119766
KKP.BK,-0.02,-0.01,0.6647128719955772
KKP.BK,-0.01,-0.01,0.6232596767703561
KKP.BK,0.0,-0.01,0.5908180457245309
KKP.BK,0.01,-0.01,0.564737518805338
KKP.BK,0.02,-0.01,0.5433142288360011
KKP.BK,-0.02,0.0,0.7283151848551709
KKP.BK,-0.01,0.0,0.6791056100129261
KKP.BK,0.0,0.0,0.640593768832039
KKP.BK,0.01,0.0,0.6096332690591688
KKP.BK,0.02,0.0,0.5842014299600256
KKP.BK,-0.02,0.01,0.7919174977147646
KKP.BK,-0.01,0.01,0.7349515432554963
KKP.BK,0.0,0.01,0.6903694919395471
KKP.BK,0.01,0.01,0.6545290193129998
KKP.BK,0.02,0.01,0.6250886310840502
KKP.BK,-0.02,0.02,0.8555198105743586
KKP.BK,-0.01,0.02,0.7907974764980664
KKP.BK,0.0,0.02,0.7401452150470553
KKP.BK,0.01,0.02,0.6994247695668308
KKP.BK,0.02,0.02,0.6659758322080749
KKP.BK,-0.02,0.03,0.9191221234339523
KKP.BK,-0.01,0.03,0.8466434097406366
KKP.BK,0.0,0.03,0.7899209381545635
KKP.BK,0.01,0.03,0.7443205198206616
KKP.BK,0.02,0.03,0.7068630333320994
BEN.AX,-0.02,-0.03,0.19455208979061425
BEN.AX,-0.01,-0.03,0.19702601817074333
BEN.AX,0.0,-0.03,0.19877763169536028
BEN.AX,0.01,-0.03,0.20008297425829133
BEN.AX,0.02,-0.03,0.20109332415163353
BEN.AX,-0.02,-0.02,0.29103529661564764
BEN.AX,-0.01,-0.02,0.2770163691282496
BEN.AX,0.0,-0.02,0.26709055915542046
BEN.AX,0.01,-0.02,0.25969361796547763
BEN.AX,0.02,-0.02,0.25396830190320546
BEN.AX,-0.02,-0.01,0.3875185034406811
BEN.AX,-0.01,-0.01,0.35700672008575596
BEN.AX,0.0,-0.01,0.33540348661548064
BEN.AX,0.01,-0.01,0.3193042616726639
BEN.AX,0.02,-0.01,0.3068432796547774
BEN.AX,-0.02,0.0,0.48400171026571465
BEN.AX,-0.01,0.0,0.4369970710432624
BEN.AX,0.0,0.0,0.4037164140755408
BEN.AX,0.01,0.0,0.3789149053798502
BEN.AX,0.02,0.0,0.3597182574063495
BEN.AX,-0.02,0.01,0.580484917090748
BEN.AX,-0.01,0.01,0.5169874220007687
BEN.AX,0.0,0.01,0.472029341535601
BEN.AX,0.01,0.01,0.43852554908703634
BEN.AX,0.02,0.01,0.4125932351579215
BEN.AX,-0.02,0.02,0.6769681239157815
BEN.AX,-0.01,0.02,0.5969777729582751
BEN.AX,0.0,0.02,0.5403422689956612
BEN.AX,0.01,0.02,0.4981361927942227
BEN.AX,0.02,0.02,0.4654682129094935
BEN.AX,-0.02,0.03,0.773451330740815
BEN.AX,-0.01,0.03,0.6769681239157814
BEN.AX,0.0,0.03,0.6086551964557213
BEN.AX,0.01,0.03,0.557746836501409
BEN.AX,0.02,0.03,0.5183431906610655
CBA.AX,-0.02,-0.03,1.4879870685953747
CBA.AX,-0.01,-0.03,1.3304130273726706
CBA.AX,0.0,-0.03,1.2251457218255533
CBA.AX,0.01,-0.03,1.149847755935978
CBA.AX,0.02,-0.03,1.093315638243182
CBA.AX,-0.02,-0.02,1.6227769292014087
CBA.AX,-0.01,-0.02,1.4383790351217827
CBA.AX,0.0,-0.02,1.315192060238713
CBA.AX,0.01,-0.02,1.2270761102333856
CBA.AX,0.02,-0.02,1.1609205216001022
CBA.AX,-0.02,-0.01,1.7575667898074427
CBA.AX,-0.01,-0.01,1.5463450428708945
CBA.AX,0.0,-0.01,1.4052383986518728
CBA.AX,0.01,-0.01,1.304304464530793
CBA.AX,0.02,-0.01,1.228525404957023
CBA.AX,-0.02,0.0,1.8923566504134768
CBA.AX,-0.01,0.0,1.6543110506200063
CBA.AX,0.0,0.0,1.4952847370650322
CBA.AX,0.01,0.0,1.3815328188282006
CBA.AX,0.02,0.0,1.2961302883139434
CBA.AX,-0.02,0.01,2.0271465110195113
CBA.AX,-0.01,0.01,1.7622770583691183
CBA.AX,0.0,0.01,1.585331075478192
CBA.AX,0.01,0.01,1.4587611731256078
CBA.AX,0.02,0.01,1.3637351716708639
CBA.AX,-0.02,0.02,2.1619363716255453
CBA.AX,-0.01,0.02,1.87024306611823
CBA.AX,0.0,0.02,1.6753774138913518
CBA.AX,0.01,0.02,1.5359895274230155
CBA.AX,0.02,0.02,1.4313400550277844
CBA.AX,-0.02,0.03,2.2967262322315793
CBA.AX,-0.01,0.03,1.9782090738673417
CBA.AX,0.0,0.03,1.7654237523045113
CBA.AX,0.01,0.03,1.6132178817204228
CBA.AX,0.02,0.03,1.4989449383847049
MQG.AX,-0.02,-0.03,0.9321603271179157
MQG.AX,-0.01,-0.03,0.867890492138403
MQG.AX,0.0,-0.03,0.8203684968929652
MQG.AX,0.01,-0.03,0.7838025812430176
MQG.AX,0.02,-0.03,0.7547955112054621
MQG.AX,-0.02,-0.02,1.0204812355419883
MQG.AX,-0.01,-0.02,0.9429798037948242
MQG.AX,0.0,-0.02,0.8856741848807973
MQG.AX,0.01,-0.02,0.841580236033405
MQG.AX,0.02,-0.02,0.8066013153715201
MQG.AX,-0.02,-0.01,1.108802143966061
MQG.AX,-0.01,-0.01,1.0180691154512453
MQG.AX,0.0,-0.01,0.9509798728686295
MQG.AX,0.01,-0.01,0.8993578908237925
MQG.AX,0.02,-0.01,0.8584071195375782
MQG.AX,-0.02,0.0,1.1971230523901333
MQG.AX,-0.01,0.0,1.0931584271076666
MQG.AX,0.0,0.0,1.0162855608564616
MQG.AX,0.01,0.0,0.95713554561418
MQG.AX,0.02,0.0,0.9102129237036362
MQG.AX,-0.02,0.01,1.2854439608142059
MQG.AX,-0.01,0.01,1.1682477387640877
MQG.AX,0.0,0.01,1.0815912488442938
MQG.AX,0.01,0.01,1.0149132004045676
MQG.AX,0.02,0.01,0.9620187278696942
MQG.AX,-0.02,0.02,1.3737648692382782
MQG.AX,-0.01,0.02,1.243337050420509
MQG.AX,0.0,0.02,1.1468969368321258
MQG.AX,0.01,0.02,1.072690855194955
MQG.AX,0.02,0.02,1.0138245320357522
MQG.AX,-0.02,0.03,1.4620857776623508
MQG.AX,-0.01,0.03,1.3184263620769303
MQG.AX,0.0,0.03,1.212202624819958
MQG.AX,0.01,0.03,1.1304685099853427
MQG.AX,0.02,0.03,1.0656303362018102
